"Refs","Value","Footprint","Qty","MPN","LCSC","Note"
"C1,C2,C3,C4,C5,C6,C7,C8,C9,C11,C12,C13,C20,C22,C23,C24","100n","Capacitor_SMD:C_0402_1005Metric","16","","","soft-start timing with the 100k"
"C10,C14,C15","4.7u","Capacitor_SMD:C_0402_1005Metric","3","","",""
"C16,C17","15p","Capacitor_SMD:C_0402_1005Metric","2","","",""
"C18","10u","Capacitor_SMD:C_0805_2012Metric","1","","",""
"C19,C21","1u","Capacitor_SMD:C_0402_1005Metric","2","","",""
"D1","SS54","Diode_SMD:D_SMA","1","SS54","C22452","MDD; Vf 0.55 V @ 5 A"
"D2","WS2812B-2020","LED_SMD:LED_WS2812B-2020_PLCC4_2.0x2.0mm","1","WS2812B-2020","C965555",""
"F1","1.5A hold","Fuse:Fuse_1812_4532Metric","1","SMD1812P150TF","C702823","choose low resistance; alt C21002"
"J1","USB-C","Connector_USB:USB_C_Receptacle_HRO_TYPE-C-31-M-12","1","TYPE-C-31-M-12","C165948","THT shell legs; enclosure supports receptacle"
"J2,J3","Qwiic","Connector_JST:JST_SH_BM04B-SRSS-TB_1x04-1MP_P1.00mm_Vertical","2","BM04B-SRSS-TB","C160390",""
"J10,J11","BTB 30P header","stack:XUNPU_BTB0.408-30P_Header","2","BTB0.408-30PLBDR-G41","C42420579","connector A, board underside,connector B, board underside; offset placement keys stack"
"JP1","QWIIC_SUPPLY","Jumper:SolderJumper-2_P1.3mm_Open_RoundedPad1.0x1.5mm","1","","","bridge to power downstream Qwiic devices"
"JP2","I2C_PU","Jumper:SolderJumper-2_P1.3mm_Bridged_RoundedPad1.0x1.5mm","1","","","cut to remove I2C pull-ups"
"L1","3.3u","Inductor_SMD:L_Cenker_CKCS201610","1","AOTA-B201610S3R3-101-T","C42411119","Abracon part per RP2350 design guide; 2016 size"
"Q1","AO3401A","Package_TO_SOT_SMD:SOT-23","1","AO3401A","C15127","AOS; 60 mohm @ 4.5 V, Vth ~0.9 V"
"R1","33","Resistor_SMD:R_0402_1005Metric","1","","",""
"R2,R13","1k","Resistor_SMD:R_0402_1005Metric","2","","",""
"R3,R4","27","Resistor_SMD:R_0402_1005Metric","2","","",""
"R5,R6","5.1k","Resistor_SMD:R_0402_1005Metric","2","","",""
"R7","100k","Resistor_SMD:R_0402_1005Metric","1","","","soft-start timing with the 100n"
"R8,R9","4.7k","Resistor_SMD:R_0402_1005Metric","2","","",""
"R10,R11,R14","10k 1%","Resistor_SMD:R_0402_1005Metric","3","","",""
"R12","3.3k 1%","Resistor_SMD:R_0402_1005Metric","1","","",""
"SW1","BTN1","Button_Switch_SMD:SW_Push_1P1T_XKB_TS-1187A","1","TS-1187A-B-A-B","C318884",""
"SW2","BTN2","Button_Switch_SMD:SW_Push_1P1T_XKB_TS-1187A","1","TS-1187A-B-A-B","C318884",""
"SW3","BOOTSEL","Button_Switch_SMD:SW_Push_1P1T_XKB_TS-1187A","1","TS-1187A-B-A-B","C318884",""
"TP1","SWCLK","TestPoint:TestPoint_Pad_D1.0mm","1","","",""
"TP2","SWDIO","TestPoint:TestPoint_Pad_D1.0mm","1","","",""
"TP3","RUN","TestPoint:TestPoint_Pad_D1.0mm","1","","",""
"TP4","GND","TestPoint:TestPoint_Pad_D1.0mm","1","","",""
"TP5","+3V3","TestPoint:TestPoint_Pad_D1.0mm","1","","",""
"U1","RP2354B","Package_DFN_QFN:QFN-80-1EP_10x10mm_P0.4mm_EP3.4x3.4mm","1","RP2354B","C39843328","2 MB in-package flash; leave QSPI_SD0-3/SCLK unconnected"
"U2","USBLC6-2SC6","Package_TO_SOT_SMD:SOT-23-6","1","USBLC6-2SC6","C7519",""
"U3","ME6211C33M5G","Package_TO_SOT_SMD:SOT-23-5","1","ME6211C33M5G-N","C82942",""
"U4","74AHCT1G125","Package_TO_SOT_SMD:SOT-23-5","1","SN74AHCT1G125DBVR","C7484",""
"Y1","12MHz","Crystal:Crystal_SMD_3225-4Pin_3.2x2.5mm","1","ABM8-272-T3","C20625731","Abracon, per RP2350 design guide; other crystals need retuning and testing"
