Designator,Mid X,Mid Y,Layer,Rotation
C1,82.0250mm,-96.4800mm,Top,180
C2,85.9250mm,-96.4800mm,Top,0
C3,83.9750mm,-96.4800mm,Top,180
C4,75.5250mm,-96.4800mm,Top,180
C5,79.4250mm,-96.4800mm,Top,0
C6,77.4750mm,-96.4800mm,Top,180
C7,69.0250mm,-96.4800mm,Top,180
C8,72.9250mm,-96.4800mm,Top,0
C9,70.9750mm,-96.4800mm,Top,180
C10,62.5250mm,-96.4800mm,Top,180
C11,66.4250mm,-96.4800mm,Top,0
C12,64.4750mm,-96.4800mm,Top,180
C13,144.4750mm,-96.4800mm,Top,180
C14,148.3750mm,-96.4800mm,Top,0
C15,146.4250mm,-96.4800mm,Top,180
C16,137.9750mm,-96.4800mm,Top,180
C17,141.8750mm,-96.4800mm,Top,0
C18,139.9250mm,-96.4800mm,Top,180
C19,131.4750mm,-96.4800mm,Top,180
C20,135.3750mm,-96.4800mm,Top,0
C21,133.4250mm,-96.4800mm,Top,180
C22,124.9750mm,-96.4800mm,Top,180
C23,128.8750mm,-96.4800mm,Top,0
C24,126.9250mm,-96.4800mm,Top,180
C25,118.4750mm,-96.4800mm,Top,180
C26,122.3750mm,-96.4800mm,Top,0
C27,120.4250mm,-96.4800mm,Top,180
C28,111.9750mm,-96.4800mm,Top,180
C29,115.8750mm,-96.4800mm,Top,0
C30,113.9250mm,-96.4800mm,Top,180
C31,151.4000mm,-92.0000mm,Top,0
C32,93.5000mm,-108.8000mm,Top,0
C33,103.0000mm,-108.8000mm,Top,0
C34,91.8000mm,-91.0000mm,Top,0
C35,95.8000mm,-106.8500mm,Top,270
C36,99.8000mm,-106.8500mm,Top,270
C37,104.8500mm,-102.6000mm,Top,0
C38,104.8500mm,-100.6000mm,Top,0
C39,101.8000mm,-93.1500mm,Top,90
C40,98.2000mm,-93.1500mm,Top,90
C41,94.6000mm,-93.1500mm,Top,90
C42,91.1500mm,-99.0000mm,Top,180
C43,91.1500mm,-102.2000mm,Top,180
C44,91.1500mm,-97.5500mm,Top,180
C45,97.8000mm,-106.8500mm,Top,270
C46,104.8500mm,-99.4000mm,Top,0
C47,97.1500mm,-93.1500mm,Top,90
C48,91.0000mm,-92.4000mm,Top,180
C49,88.6000mm,-94.6000mm,Top,90
C50,107.9500mm,-102.8000mm,Top,270
C51,110.1500mm,-97.2000mm,Top,90
C52,61.3000mm,-107.7000mm,Top,90
C53,59.4000mm,-99.6000mm,Top,90
C54,54.6000mm,-103.0000mm,Top,0
C55,60.8000mm,-99.6000mm,Top,90
C56,95.8000mm,-90.9500mm,Top,0
C57,129.0000mm,-94.8000mm,Top,0
C58,132.0000mm,-94.8000mm,Top,0
C59,122.1000mm,-94.8000mm,Top,0
C60,152.0000mm,-105.0000mm,Top,0
C61,151.4000mm,-95.6000mm,Top,90
D1,56.7000mm,-107.7000mm,Top,180
D2,134.2250mm,-91.3450mm,Top,180
D3,124.7250mm,-91.8450mm,Top,180
F1,50.0000mm,-107.7000mm,Top,0
F2,157.4000mm,-107.2000mm,Top,0
J1,44.2660mm,-100.0000mm,Top,270
J2,59.7350mm,-92.7570mm,Top,0
J3,67.7250mm,-92.7570mm,Top,0
J4,117.5850mm,-92.2950mm,Top,180
J5,156.6000mm,-96.5000mm,Top,90
J6,139.3850mm,-92.2950mm,Top,180
J7,75.2650mm,-92.2950mm,Top,180
J8,109.4950mm,-92.2950mm,Top,180
J11,81.3000mm,-107.5370mm,Top,0
J12,68.3000mm,-107.5370mm,Top,0
J13,143.7500mm,-107.5370mm,Top,0
J14,130.7500mm,-107.5370mm,Top,0
J15,117.7500mm,-107.5370mm,Top,0
L1,91.0000mm,-94.6000mm,Top,90
Q1,58.0710mm,-103.9000mm,Top,180
R1,82.2625mm,-103.3000mm,Top,180
R2,85.6875mm,-103.3000mm,Top,0
R3,75.7625mm,-103.3000mm,Top,180
R4,79.1875mm,-103.3000mm,Top,0
R5,69.2625mm,-103.3000mm,Top,180
R6,72.6875mm,-103.3000mm,Top,0
R7,62.7625mm,-103.3000mm,Top,180
R8,66.1875mm,-103.3000mm,Top,0
R9,144.7125mm,-103.3000mm,Top,180
R10,148.1375mm,-103.3000mm,Top,0
R11,138.2125mm,-103.3000mm,Top,180
R12,141.6375mm,-103.3000mm,Top,0
R13,131.7125mm,-103.3000mm,Top,180
R14,135.1375mm,-103.3000mm,Top,0
R15,125.2125mm,-103.3000mm,Top,180
R16,128.6375mm,-103.3000mm,Top,0
R17,118.7125mm,-103.3000mm,Top,180
R18,122.1375mm,-103.3000mm,Top,0
R19,112.2125mm,-103.3000mm,Top,180
R20,115.6375mm,-103.3000mm,Top,0
R21,89.0000mm,-104.2000mm,Top,0
R22,104.0000mm,-90.9500mm,Top,180
R23,103.8000mm,-92.0500mm,Top,0
R24,87.4000mm,-94.6000mm,Top,90
R25,106.3500mm,-99.2000mm,Top,90
R26,52.2500mm,-99.4000mm,Top,0
R27,52.2500mm,-100.6000mm,Top,0
R28,49.2000mm,-98.4000mm,Top,0
R29,49.2000mm,-101.6000mm,Top,0
R30,54.6000mm,-104.4000mm,Top,0
R31,60.0000mm,-96.4000mm,Top,0
R32,60.2000mm,-97.5000mm,Top,0
R33,93.8000mm,-90.9500mm,Top,0
R34,49.0000mm,-96.3000mm,Top,0
R35,49.2000mm,-103.6000mm,Top,0
R36,51.6000mm,-96.4000mm,Top,0
R37,97.8000mm,-90.9500mm,Top,0
R38,152.0000mm,-98.8000mm,Top,0
R39,84.0000mm,-91.0000mm,Top,0
R40,107.0000mm,-96.2000mm,Top,0
R41,108.6000mm,-97.3000mm,Top,0
R42,99.8000mm,-90.9500mm,Top,0
SW1,42.5000mm,-92.4000mm,Top,0
SW2,42.5000mm,-107.6000mm,Top,0
SW3,52.6000mm,-93.8500mm,Top,180
U1,83.9750mm,-99.7000mm,Top,90
U2,77.4750mm,-99.7000mm,Top,90
U3,70.9750mm,-99.7000mm,Top,90
U4,64.4750mm,-99.7000mm,Top,90
U5,146.4250mm,-99.7000mm,Top,90
U6,139.9250mm,-99.7000mm,Top,90
U7,133.4250mm,-99.7000mm,Top,90
U8,126.9250mm,-99.7000mm,Top,90
U9,120.4250mm,-99.7000mm,Top,90
U10,113.9250mm,-99.7000mm,Top,90
U11,98.0000mm,-100.0000mm,Top,90
U12,49.8000mm,-100.0000mm,Top,0
U13,56.2000mm,-99.6000mm,Top,270
U14,130.4980mm,-91.7950mm,Top,180
U15,151.9000mm,-101.9670mm,Top,270
Y1,109.0500mm,-100.0000mm,Top,0
