Comment,Designator,Footprint,LCSC Part #
1u,"C1,C4,C7,C10,C13,C16,C19,C22,C25,C28,C53,C55,C59",C_0402_1005Metric,C52923
100n,"C2,C5,C8,C11,C14,C17,C20,C23,C26,C29,C34,C35,C36,C37,C38,C39,C40,C41,C42,C43,C45,C46,C47,C54,C56,C57,C58,C60",C_0402_1005Metric,C1525
2.2u,"C3,C6,C9,C12,C15,C18,C21,C24,C27,C30",C_0402_1005Metric,C170151
10u,"C31,C32,C33,C52,C61",C_0805_2012Metric,C15850
4.7u,"C44,C48,C49",C_0402_1005Metric,C23733
15p,"C50,C51",C_0402_1005Metric,C1548
SS54,"D1,D3",D_SMA,C22452
XL-2020RGBC-WS2812B,D2,LED_WS2812B-2020_PLCC4_2.0x2.0mm,C5349955
1.5A hold,"F1,F2",Fuse_1812_4532Metric,C209721
USB-C,J1,USB_C_Receptacle_HRO_TYPE-C-31-M-12,C165948
Qwiic,"J2,J3",JST_SH_BM04B-SRSS-TB_1x04-1MP_P1.00mm_Vertical,C160390
5V IN / LED PWR / E-STOP,"J4,J6,J7",JST_PH_B2B-PH-K_1x02_P2.00mm_Vertical,C131337
LED STRIP,J5,JST_XH_B3B-XH-A_1x03_P2.50mm_Vertical,C144394
PANEL BTN,J8,JST_PH_B3B-PH-K_1x03_P2.00mm_Vertical,C131339
M1+M2 / M3+M4 / M5+M6 / M7+M8 / M9+M10,"J11,J12,J13,J14,J15",JST_SH_BM08B-SRSS-TB_1x08-1MP_P1.00mm_Vertical,C160394
3.3u,L1,L_Cenker_CKCS201610,C42411119
AO3401A,Q1,SOT-23,C15127
0.82,"R1,R2,R3,R4,R5,R6,R7,R8,R9,R10,R11,R12,R13,R14,R15,R16,R17,R18,R19,R20",R_0603_1608Metric,C186570
47k,R21,R_0402_1005Metric,C25792
39k 1%,R22,R_0402_1005Metric,C25783
10k 1%,"R23,R33,R34,R37,R40",R_0402_1005Metric,C25744
33,"R24,R38",R_0402_1005Metric,C25105
1k,"R25,R36",R_0402_1005Metric,C11702
27,"R26,R27",R_0402_1005Metric,C25100
5.1k,"R28,R29",R_0402_1005Metric,C25905
100k,R30,R_0402_1005Metric,C25741
4.7k,"R31,R32,R42",R_0402_1005Metric,C25900
3.3k 1%,"R35,R41",R_0402_1005Metric,C25890
20k 1%,R39,R_0402_1005Metric,C25765
BTN1 / BTN2 / BOOTSEL,"SW1,SW2,SW3",SW_SPST_TS-1088-xR020,C720477
AT8833CQ,"U1,U2,U3,U4,U5,U6,U7,U8,U9,U10",QFN-16-1EP_4x4mm_P0.65mm_EP2.1x2.1mm,C5120769
RP2354B,U11,QFN-80-1EP_10x10mm_P0.4mm_EP3.4x3.4mm,C39843328
TPD2E2U06,U12,SOT-553,C1972959
ME6211C33M5G,U13,SOT-23-5,C82942
74AHCT1G125,"U14,U15",SOT-23-5,C7484
12MHz,Y1,Crystal_SMD_3225-4Pin_3.2x2.5mm,C20625731
